[{"model": "admin.logentry", "pk": 1, "fields": {"action_time": "2025-04-14T09:56:01.735Z", "user": 1, "content_type": 6, "object_id": "2", "object_repr": "Senger, erer", "action_flag": 3, "change_message": ""}}, {"model": "admin.logentry", "pk": 2, "fields": {"action_time": "2025-04-14T09:56:11.220Z", "user": 1, "content_type": 6, "object_id": "3", "object_repr": "folker, horder", "action_flag": 3, "change_message": ""}}, {"model": "sessions.session", "pk": "690xm7qhe8uks500ciizd1c8agtff88b", "fields": {"session_data": ".eJxVjLsOAiEUBf-F2hC4vC3t9xvI5SWrBpJltzL-uyHZQtszM-dNPB579cfIm18TuRJOLr9bwPjMbYL0wHbvNPa2b2ugU6EnHXTpKb9up_t3UHHUWRtgAFwCcxpDEdnKGIGpAKYw7bSw3FjLtNICA6qSrDEm5GhZVCCkI58vtDI2tw:1u57R1:ur8RgBg-NyzufbsZcf9S3kuyF7_Cg0eypro2P_uxRiw", "expire_date": "2025-04-17T18:24:31.449Z"}}, {"model": "sessions.session", "pk": "8vypqyi019bdlf463uddtz514qpj8zds", "fields": {"session_data": ".eJxVjEEOwiAQRe_C2hAcCAMu3XsGwjBTqRqalHbVeHdt0oVu_3vvbyrldalp7TKnkdVFeXX63SiXp7Qd8CO3-6TL1JZ5JL0r-qBd3yaW1_Vw_w5q7vVbA_mYrTgGdpYNWWA7YAkxYBG0kOWMkUksmGB8CEMsEEgI0TuIQur9AekjN-0:1u4vg5:qycozLKs11Mj-IFLQm5hoy_25oQSK672BVJx7C7BZJs", "expire_date": "2025-04-17T05:51:17.124Z"}}, {"model": "sessions.session", "pk": "nkmbmvf9xc48r28ffr577ompb9ko65mu", "fields": {"session_data": ".eJxVjEEOwiAQRe_C2hAcCAMu3XsGwjBTqRqalHbVeHdt0oVu_3vvbyrldalp7TKnkdVFeXX63SiXp7Qd8CO3-6TL1JZ5JL0r-qBd3yaW1_Vw_w5q7vVbA_mYrTgGdpYNWWA7YAkxYBG0kOWMkUksmGB8CEMsEEgI0TuIQur9AekjN-0:1u4zxP:J63AylP9_IKODSNKg97f8mUqMconcDglMDxSy6Rt1sE", "expire_date": "2025-04-17T10:25:27.997Z"}}, {"model": "sessions.session", "pk": "obc9odypyc9h94jg6majb72m4fgfzl5u", "fields": {"session_data": ".eJxVjDsOwjAQBe_iGlm2iX-U9DmDtbte4wBypDipEHeHSCmgfTPzXiLBtta0dV7SlMVFaHH63RDowW0H-Q7tNkua27pMKHdFHrTLcc78vB7u30GFXr918ORNQItYCrEpJaI6oyYmsIWVHTQ4tJEMg3EKAcmpUPygo9WOXRDvDxgWOL4:1u4j7K:gC74be4xstYRVtCzmdPWgwRJZqV3N6fddyH9jNMWZGA", "expire_date": "2025-04-16T16:26:34.604Z"}}, {"model": "myapp.customuser", "pk": 1, "fields": {"password": "pbkdf2_sha256$870000$GCnohomrbZzdNltidAitwT$jkqeyx3qbA4WYqg79xZU7vgyazP6IwcwAvDoIQZvERc=", "last_login": "2025-04-16T13:02:11.849Z", "is_superuser": true, "is_staff": true, "is_active": true, "date_joined": "2025-04-13T06:13:54.912Z", "first_name": "Surendra", "last_name": "Raj Bisht", "email": "everestatnepal4ever@gmail.com", "is_approved": false, "user_type": "1", "gender": null, "profile_pic": "20250412_103549_61MtrQl.jpg", "dob": "2002-01-01", "blood_group": null, "contact_number": "9806437360", "identity": "", "organization_name": null, "address": "Kanchanpur, Nepal", "fcm_token": "", "created_at": "2025-04-13T06:13:58.294Z", "updated_at": "2025-04-16T12:08:33.357Z", "age": null, "donation_count": 0, "groups": [], "user_permissions": []}}, {"model": "myapp.customuser", "pk": 4, "fields": {"password": "pbkdf2_sha256$870000$pac0SctA6StfYg5gy9JKd8$ZhSf/c0+uks3W8WiT/icYdlBQ06629nAIjRb0OtN1pE=", "last_login": "2025-04-14T16:38:32.904Z", "is_superuser": false, "is_staff": false, "is_active": true, "date_joined": "2025-04-14T09:57:29.422Z", "first_name": "horder", "last_name": "folker", "email": "user1@gmail.com", "is_approved": false, "user_type": "3", "gender": null, "profile_pic": "OIP_6_WucmLOr.jpg", "dob": "2010-01-13", "blood_group": "A+", "contact_number": "545", "identity": "OIP_6_Y0EA2uv.jpg", "organization_name": "", "address": "fdgg", "fcm_token": "", "created_at": "2025-04-14T09:57:30.767Z", "updated_at": "2025-04-14T16:34:35.265Z", "age": 15, "donation_count": 3, "groups": [], "user_permissions": []}}, {"model": "myapp.customuser", "pk": 5, "fields": {"password": "pbkdf2_sha256$870000$yu6v2uLie0V79Rfk5W4DPp$dZXJ2Q4IbDWbqqZR31aw5MyYB5JpH+tUvhvNnA1ki0A=", "last_login": "2025-04-15T07:43:52.278Z", "is_superuser": false, "is_staff": true, "is_active": true, "date_joined": "2025-04-14T15:17:13.910Z", "first_name": "", "last_name": "", "email": "hosp2@gmail.com", "is_approved": true, "user_type": "2", "gender": null, "profile_pic": "OIP_1_VCJhigG.jpg", "dob": null, "blood_group": null, "contact_number": "324125", "identity": "OIP_1_z8IUyX0.jpg", "organization_name": "Rara Hospital", "address": "lkpoio", "fcm_token": "", "created_at": "2025-04-14T15:17:15.253Z", "updated_at": "2025-04-14T16:37:10.657Z", "age": null, "donation_count": 0, "groups": [], "user_permissions": []}}, {"model": "myapp.customuser", "pk": 6, "fields": {"password": "pbkdf2_sha256$870000$gEf72retQuLH0eOAjKJv7e$4VCQzeJLYXmDUv0BI56x63hcFYonX+Pce+LoU22zJWw=", "last_login": "2025-04-16T12:01:33.078Z", "is_superuser": false, "is_staff": true, "is_active": true, "date_joined": "2025-04-15T06:42:34.791Z", "first_name": "Werner", "last_name": "Ferry", "email": "hosp1@gmail.com", "is_approved": true, "user_type": "2", "gender": "F", "profile_pic": "OIP_5_aERetrH.jpg", "dob": null, "blood_group": "AB-", "contact_number": "246", "identity": "OIP_5_BG2PL5p.jpg", "organization_name": "Hospital Delta", "address": "5445 Crona Viaaaa", "fcm_token": "", "created_at": "2025-04-15T06:42:36.109Z", "updated_at": "2025-04-15T08:24:30.423Z", "age": null, "donation_count": 0, "groups": [], "user_permissions": []}}, {"model": "myapp.customuser", "pk": 7, "fields": {"password": "pbkdf2_sha256$870000$z5X7zS5HQ2UBeNOUSX8bl9$XflpDegpVCmVKxcUSZIO8WtvFm406oHPRccbstiiMz8=", "last_login": null, "is_superuser": false, "is_staff": true, "is_active": true, "date_joined": "2025-04-15T14:30:10.678Z", "first_name": "", "last_name": "", "email": "hosp3@gmail.com", "is_approved": false, "user_type": "2", "gender": null, "profile_pic": "OIP_1_Gf2nIlW.jpg", "dob": null, "blood_group": null, "contact_number": "98087665", "identity": "OIP_2_4BsTh5i.jpg", "organization_name": "Tisvosk", "address": "Kathmandu", "fcm_token": "", "created_at": "2025-04-15T14:30:19.949Z", "updated_at": "2025-04-15T14:30:19.949Z", "age": null, "donation_count": 0, "groups": [], "user_permissions": []}}, {"model": "myapp.customuser", "pk": 8, "fields": {"password": "pbkdf2_sha256$870000$yKU37UGjND7FmDYkMtPuPa$anz3HS5QAlvG1LKvh6x9cMTKQefpzVVtOAPZ5cnL0hs=", "last_login": null, "is_superuser": false, "is_staff": false, "is_active": true, "date_joined": "2025-04-15T15:11:43.565Z", "first_name": "sdfew", "last_name": "ferf", "email": "usera@gmail.com", "is_approved": true, "user_type": "3", "gender": "M", "profile_pic": "", "dob": "2025-04-01", "blood_group": "A+", "contact_number": "der345", "identity": "OIP_5_B2g65ED.jpg", "organization_name": "", "address": "dsfds", "fcm_token": "", "created_at": "2025-04-15T15:11:45.931Z", "updated_at": "2025-04-15T15:11:45.936Z", "age": 0, "donation_count": 0, "groups": [], "user_permissions": []}}, {"model": "myapp.customuser", "pk": 9, "fields": {"password": "pbkdf2_sha256$870000$tZLbR4HwEgEfaxUHMYsp9C$lOrWO7Hk5Kdg2M48a3hG6zw9lRS0rwQZZ5nOkN7sCCo=", "last_login": "2025-04-15T15:28:26.533Z", "is_superuser": false, "is_staff": false, "is_active": true, "date_joined": "2025-04-15T15:19:56.089Z", "first_name": "Trevis", "last_name": "Heardop", "email": "user10@gmail.com", "is_approved": true, "user_type": "3", "gender": "M", "profile_pic": "", "dob": "2025-04-02", "blood_group": "B+", "contact_number": "9808464834", "identity": "OIP_2_OBSiExz.jpg", "organization_name": "", "address": "sdfgerfre", "fcm_token": "", "created_at": "2025-04-15T15:19:58.359Z", "updated_at": "2025-04-15T15:28:01.818Z", "age": 0, "donation_count": 1, "groups": [], "user_permissions": []}}, {"model": "myapp.customuser", "pk": 10, "fields": {"password": "pbkdf2_sha256$870000$YF58AzFwkYgyK8lqO2JyGx$e+oaV0JzSFORT6mGNXkiFZrnvIKpAlOYqjiaIhFBUx4=", "last_login": "2025-04-16T12:06:28.081Z", "is_superuser": false, "is_staff": false, "is_active": true, "date_joined": "2025-04-15T15:55:54.884Z", "first_name": "frokina", "last_name": "Lsypper", "email": "user11@gmail.com", "is_approved": false, "user_type": "3", "gender": "M", "profile_pic": "OIP_7_4SbedTA.jpg", "dob": "2001-06-07", "blood_group": "A-", "contact_number": "5435435", "identity": "OIP_7_KyYzr7G.jpg", "organization_name": "", "address": "Kanchanpur", "fcm_token": "", "created_at": "2025-04-15T15:55:56.298Z", "updated_at": "2025-04-15T16:21:23.492Z", "age": 23, "donation_count": 0, "groups": [], "user_permissions": []}}, {"model": "myapp.bloodrequest", "pk": 21, "fields": {"admin": 1, "blood_group": "A+", "location": "Kathmandu", "status": "pending", "created_at": "2025-04-15T15:21:12.013Z"}}, {"model": "myapp.bloodrequest", "pk": 22, "fields": {"admin": 1, "blood_group": "B+", "location": "Kathmandu", "status": "processing", "created_at": "2025-04-15T15:21:18.158Z"}}, {"model": "myapp.bloodrequest", "pk": 23, "fields": {"admin": 1, "blood_group": "A+", "location": "Taplegun", "status": "pending", "created_at": "2025-04-15T15:21:36.575Z"}}, {"model": "myapp.bloodrequest", "pk": 24, "fields": {"admin": 1, "blood_group": "B+", "location": "nepal", "status": "processing", "created_at": "2025-04-15T15:21:49.841Z"}}, {"model": "myapp.bloodrequest", "pk": 25, "fields": {"admin": 1, "blood_group": "A-", "location": "kanchanpur", "status": "processing", "created_at": "2025-04-15T16:18:32.392Z"}}, {"model": "myapp.donorresponse", "pk": 16, "fields": {"donor": 9, "blood_request": 22, "is_accepted": true, "is_deleted": false, "is_select": false, "is_saved": false, "created_at": "2025-04-15T15:22:29.468Z"}}, {"model": "myapp.donorresponse", "pk": 17, "fields": {"donor": 9, "blood_request": 24, "is_accepted": true, "is_deleted": false, "is_select": true, "is_saved": true, "created_at": "2025-04-15T15:23:02.013Z"}}, {"model": "myapp.donorresponse", "pk": 18, "fields": {"donor": 10, "blood_request": 25, "is_accepted": true, "is_deleted": false, "is_select": false, "is_saved": false, "created_at": "2025-04-15T16:21:45.006Z"}}, {"model": "myapp.blooddonationhistory", "pk": 6, "fields": {"donor": 4, "blood_group": "A+", "blood_unit_donated": 2.0, "location": "nepal", "donation_date": "2025-04-14T10:01:32.417Z"}}, {"model": "myapp.blooddonationhistory", "pk": 7, "fields": {"donor": 4, "blood_group": "A+", "blood_unit_donated": 3.0, "location": "Taplegun", "donation_date": "2025-04-14T10:01:58.305Z"}}, {"model": "myapp.blooddonationhistory", "pk": 8, "fields": {"donor": 4, "blood_group": "A+", "blood_unit_donated": 4.0, "location": "Kathmandu", "donation_date": "2025-04-14T10:02:17.022Z"}}, {"model": "myapp.blooddonationhistory", "pk": 9, "fields": {"donor": 9, "blood_group": "B+", "blood_unit_donated": 3.0, "location": "nepal", "donation_date": "2025-04-15T15:28:01.814Z"}}, {"model": "myapp.bloodinventory", "pk": 1, "fields": {"admin": 1, "blood_group": "A+", "available_units": 24.0}}, {"model": "myapp.bloodinventory", "pk": 2, "fields": {"admin": 1, "blood_group": "A-", "available_units": 0.0}}, {"model": "myapp.bloodinventory", "pk": 3, "fields": {"admin": 1, "blood_group": "B+", "available_units": 8.0}}, {"model": "myapp.bloodinventory", "pk": 4, "fields": {"admin": 1, "blood_group": "B-", "available_units": 0.0}}, {"model": "myapp.bloodinventory", "pk": 5, "fields": {"admin": 1, "blood_group": "O+", "available_units": 0.0}}, {"model": "myapp.bloodinventory", "pk": 6, "fields": {"admin": 1, "blood_group": "O-", "available_units": 0.0}}, {"model": "myapp.bloodinventory", "pk": 7, "fields": {"admin": 1, "blood_group": "AB+", "available_units": 0.0}}, {"model": "myapp.bloodinventory", "pk": 8, "fields": {"admin": 1, "blood_group": "AB-", "available_units": 0.0}}, {"model": "myapp.hospitalbloodrequest", "pk": 2, "fields": {"hospital": 6, "hospital_name_snapshot": "Hospital Delta", "hospital_email_snapshot": "hosp1@gmail.com", "hospital_contact_snapshot": "246", "hospital_address_snapshot": "5445 Crona Via", "admin": 1, "blood_group": "A+", "units_requested": 6.0, "units_approved": 6.0, "address": "kanchanpur/Nepal", "contact_number": "9806453214", "status": "failed", "created_at": "2025-04-15T07:42:54.818Z", "updated_at": "2025-04-15T07:53:13.432Z"}}, {"model": "myapp.hospitalbloodrequest", "pk": 3, "fields": {"hospital": 6, "hospital_name_snapshot": "Hospital Delta", "hospital_email_snapshot": "hosp1@gmail.com", "hospital_contact_snapshot": "246", "hospital_address_snapshot": "5445 Crona Via", "admin": null, "blood_group": "A-", "units_requested": 7.0, "units_approved": null, "address": "kanchanpur/Nepal", "contact_number": "9806453214", "status": "pending", "created_at": "2025-04-15T07:43:16.533Z", "updated_at": "2025-04-15T07:43:16.533Z"}}, {"model": "myapp.hospitalbloodrequest", "pk": 4, "fields": {"hospital": 6, "hospital_name_snapshot": "Hospital Delta", "hospital_email_snapshot": "hosp1@gmail.com", "hospital_contact_snapshot": "246", "hospital_address_snapshot": "5445 Crona Via", "admin": null, "blood_group": "O+", "units_requested": 60.0, "units_approved": null, "address": "dfref", "contact_number": "d434", "status": "pending", "created_at": "2025-04-15T07:43:41.358Z", "updated_at": "2025-04-15T07:43:41.358Z"}}, {"model": "myapp.hospitalbloodrequest", "pk": 5, "fields": {"hospital": 5, "hospital_name_snapshot": "Rara Hospital", "hospital_email_snapshot": "hosp2@gmail.com", "hospital_contact_snapshot": "324125", "hospital_address_snapshot": "lkpoio", "admin": null, "blood_group": "O-", "units_requested": 12.0, "units_approved": null, "address": "eree", "contact_number": "2233", "status": "pending", "created_at": "2025-04-15T07:44:13.261Z", "updated_at": "2025-04-15T07:44:13.261Z"}}, {"model": "myapp.hospitalbloodrequest", "pk": 6, "fields": {"hospital": 5, "hospital_name_snapshot": "Rara Hospital", "hospital_email_snapshot": "hosp2@gmail.com", "hospital_contact_snapshot": "324125", "hospital_address_snapshot": "lkpoio", "admin": null, "blood_group": "AB-", "units_requested": 22.0, "units_approved": null, "address": "ertytt", "contact_number": "67551", "status": "pending", "created_at": "2025-04-15T07:44:28.444Z", "updated_at": "2025-04-15T07:44:28.444Z"}}, {"model": "myapp.hospitalbloodrequest", "pk": 7, "fields": {"hospital": 6, "hospital_name_snapshot": "Hospital Delta", "hospital_email_snapshot": "hosp1@gmail.com", "hospital_contact_snapshot": "246", "hospital_address_snapshot": "5445 Crona Via", "admin": null, "blood_group": "A+", "units_requested": 6.0, "units_approved": null, "address": "kanchanpur/nepal", "contact_number": "9806453214", "status": "rejected", "created_at": "2025-04-15T07:54:34.844Z", "updated_at": "2025-04-15T07:54:59.456Z"}}, {"model": "myapp.hospitalbloodrequest", "pk": 8, "fields": {"hospital": 6, "hospital_name_snapshot": "Hospital Delta", "hospital_email_snapshot": "hosp1@gmail.com", "hospital_contact_snapshot": "246", "hospital_address_snapshot": "5445 Crona Via", "admin": 1, "blood_group": "A+", "units_requested": 6.0, "units_approved": 6.0, "address": "kanchanpur/nepal", "contact_number": "9806453214", "status": "delivered", "created_at": "2025-04-15T07:55:44.783Z", "updated_at": "2025-04-15T07:56:40.128Z"}}, {"model": "myapp.hospitalbloodrequest", "pk": 9, "fields": {"hospital": 6, "hospital_name_snapshot": "Hospital Delta", "hospital_email_snapshot": "hosp1@gmail.com", "hospital_contact_snapshot": "246", "hospital_address_snapshot": "5445 Crona Via", "admin": 1, "blood_group": "A+", "units_requested": 1.0, "units_approved": 1.0, "address": "kan", "contact_number": "9806453214", "status": "processing", "created_at": "2025-04-15T07:57:20.227Z", "updated_at": "2025-04-15T07:57:44.620Z"}}, {"model": "myapp.hospitalbloodrequest", "pk": 10, "fields": {"hospital": 6, "hospital_name_snapshot": "Hospital Delta", "hospital_email_snapshot": "hosp1@gmail.com", "hospital_contact_snapshot": "246", "hospital_address_snapshot": "5445 Crona Viaaaa", "admin": null, "blood_group": "A+", "units_requested": 5.0, "units_approved": null, "address": "rr", "contact_number": "343", "status": "pending", "created_at": "2025-04-15T08:27:24.037Z", "updated_at": "2025-04-15T08:27:24.037Z"}}, {"model": "myapp.hospitalbloodrequest", "pk": 11, "fields": {"hospital": 6, "hospital_name_snapshot": "Hospital Delta", "hospital_email_snapshot": "hosp1@gmail.com", "hospital_contact_snapshot": "246", "hospital_address_snapshot": "5445 Crona Viaaaa", "admin": null, "blood_group": "A+", "units_requested": 5.0, "units_approved": null, "address": "ff", "contact_number": "454", "status": "pending", "created_at": "2025-04-15T08:48:05.366Z", "updated_at": "2025-04-15T08:48:05.366Z"}}, {"model": "myapp.passwordreset", "pk": 2, "fields": {"user": 1, "reset_id": "de55981a-7777-4792-a6ee-13097f61b614", "created_when": "2025-04-15T12:23:34.316Z"}}, {"model": "myapp.passwordreset", "pk": 3, "fields": {"user": 1, "reset_id": "801cbd33-6402-49b3-8434-a3e6f12feb0e", "created_when": "2025-04-15T12:37:14.015Z"}}, {"model": "blog.blogpost", "pk": 2, "fields": {"author": 10, "caption": "dfsdgferf", "image": "", "created_at": "2025-04-16T05:40:38.589Z", "shared_post": null}}, {"model": "blog.blogpost", "pk": 3, "fields": {"author": 10, "caption": "dfsdgferf", "image": "", "created_at": "2025-04-16T05:43:29.897Z", "shared_post": null}}, {"model": "blog.blogpost", "pk": 4, "fields": {"author": 10, "caption": "i am mukuk bhatt\r\nstudy in farwestern university. ", "image": "", "created_at": "2025-04-16T05:50:18.678Z", "shared_post": null}}, {"model": "blog.blogpost", "pk": 5, "fields": {"author": 6, "caption": "vfdd", "image": "", "created_at": "2025-04-16T07:25:21.888Z", "shared_post": null}}, {"model": "blog.blogpost", "pk": 9, "fields": {"author": 10, "caption": "dfdff", "image": "blog/images/OIP_8.jpg", "created_at": "2025-04-16T11:58:48.015Z", "shared_post": null}}, {"model": "blog.blogpost", "pk": 10, "fields": {"author": 10, "caption": "fgdfs", "image": "blog/images/OIP_5_oYHaxrj.jpg", "created_at": "2025-04-16T11:59:32.764Z", "shared_post": null}}, {"model": "blog.blogpost", "pk": 11, "fields": {"author": 10, "caption": "sdfas", "image": "", "created_at": "2025-04-16T12:00:43.105Z", "shared_post": null}}, {"model": "blog.blogpost", "pk": 12, "fields": {"author": 10, "caption": "sdfsdf", "image": "", "created_at": "2025-04-16T12:00:45.921Z", "shared_post": null}}, {"model": "blog.blogpost", "pk": 13, "fields": {"author": 10, "caption": "fdgdfgsd", "image": "", "created_at": "2025-04-16T12:04:44.158Z", "shared_post": null}}, {"model": "blog.blogpost", "pk": 14, "fields": {"author": 1, "caption": "i am admin", "image": "blog/images/20250412_103549.jpg", "created_at": "2025-04-16T16:37:57.836Z", "shared_post": null}}, {"model": "blog.blogpost", "pk": 15, "fields": {"author": 1, "caption": "<p>dsfsd&nbsp;<i> s &nbsp;sd<strong> &nbsp;sdfs&nbsp;</strong></i><strong> ssd f</strong></p>", "image": "", "created_at": "2025-04-16T17:48:27.541Z", "shared_post": null}}, {"model": "blog.blogpost", "pk": 16, "fields": {"author": 1, "caption": "sfsd&nbsp; dfsdf&nbsp; sdfsd fsd&nbsp; sdfsd f sdfsd f sdfsd&nbsp;", "image": "", "created_at": "2025-04-16T17:51:08.752Z", "shared_post": null}}, {"model": "blog.blogpost", "pk": 17, "fields": {"author": 1, "caption": "<p>dfdfd&nbsp;<strong> sdfdf &nbsp;</strong><i><strong> dsfd d sd dfd</strong></i></p>", "image": "", "created_at": "2025-04-16T17:56:24.399Z", "shared_post": null}}, {"model": "blog.blogpost", "pk": 18, "fields": {"author": 1, "caption": "<p>sdfa dsfsd&nbsp;<strong> sfd </strong><i><strong>d fsd &nbsp;s&nbsp;</strong> sdf&nbsp;<strong> sfdf</strong></i></p>", "image": "", "created_at": "2025-04-16T17:57:59.484Z", "shared_post": null}}, {"model": "blog.blogpost", "pk": 19, "fields": {"author": 1, "caption": "<p>dfdfs <strong>dfd &nbsp;dfd</strong><i><strong> dfdf fd</strong></i></p>", "image": "", "created_at": "2025-04-16T18:03:21.337Z", "shared_post": null}}, {"model": "blog.bloglike", "pk": 2, "fields": {"user": 10, "post": 4, "liked_at": "2025-04-16T05:50:26.101Z"}}, {"model": "blog.bloglike", "pk": 3, "fields": {"user": 10, "post": 3, "liked_at": "2025-04-16T05:50:28.426Z"}}, {"model": "blog.bloglike", "pk": 5, "fields": {"user": 10, "post": 2, "liked_at": "2025-04-16T05:50:37.595Z"}}, {"model": "blog.bloglike", "pk": 7, "fields": {"user": 6, "post": 2, "liked_at": "2025-04-16T05:54:19.856Z"}}, {"model": "blog.bloglike", "pk": 12, "fields": {"user": 6, "post": 3, "liked_at": "2025-04-16T09:39:13.142Z"}}, {"model": "blog.bloglike", "pk": 14, "fields": {"user": 6, "post": 5, "liked_at": "2025-04-16T09:39:23.201Z"}}, {"model": "blog.bloglike", "pk": 15, "fields": {"user": 6, "post": 4, "liked_at": "2025-04-16T09:39:28.459Z"}}, {"model": "blog.bloglike", "pk": 16, "fields": {"user": 10, "post": 12, "liked_at": "2025-04-16T12:01:45.118Z"}}, {"model": "blog.bloglike", "pk": 19, "fields": {"user": 1, "post": 5, "liked_at": "2025-04-16T13:54:36.148Z"}}, {"model": "blog.bloglike", "pk": 21, "fields": {"user": 1, "post": 10, "liked_at": "2025-04-16T13:54:54.352Z"}}, {"model": "blog.bloglike", "pk": 29, "fields": {"user": 1, "post": 12, "liked_at": "2025-04-16T16:28:44.681Z"}}, {"model": "blog.blogcomment", "pk": 4, "fields": {"post": 4, "user": 6, "content": "great you are mukul not mukuk", "parent": null, "commented_at": "2025-04-16T05:52:14.908Z"}}, {"model": "blog.blogcomment", "pk": 6, "fields": {"post": 4, "user": 6, "content": "haha", "parent": null, "commented_at": "2025-04-16T07:05:21.408Z"}}, {"model": "blog.blogcomment", "pk": 7, "fields": {"post": 2, "user": 6, "content": "gfgf", "parent": null, "commented_at": "2025-04-16T07:05:44.968Z"}}, {"model": "blog.blogcomment", "pk": 8, "fields": {"post": 4, "user": 6, "content": "fgfg", "parent": null, "commented_at": "2025-04-16T07:05:49.705Z"}}, {"model": "blog.blogcomment", "pk": 9, "fields": {"post": 4, "user": 6, "content": "fgfg", "parent": null, "commented_at": "2025-04-16T07:05:56.424Z"}}, {"model": "blog.blogcomment", "pk": 10, "fields": {"post": 4, "user": 6, "content": "fgdfgd", "parent": null, "commented_at": "2025-04-16T07:06:03.367Z"}}, {"model": "blog.blogcomment", "pk": 11, "fields": {"post": 4, "user": 6, "content": "fgfdgd", "parent": null, "commented_at": "2025-04-16T07:06:08.863Z"}}, {"model": "blog.blogcomment", "pk": 12, "fields": {"post": 4, "user": 6, "content": "fgdg", "parent": null, "commented_at": "2025-04-16T07:06:14.149Z"}}, {"model": "blog.blogcomment", "pk": 13, "fields": {"post": 4, "user": 6, "content": "dgdfg", "parent": null, "commented_at": "2025-04-16T07:06:19.568Z"}}, {"model": "blog.blogcomment", "pk": 14, "fields": {"post": 4, "user": 6, "content": "fgdfg", "parent": null, "commented_at": "2025-04-16T07:06:24.761Z"}}, {"model": "blog.blogcomment", "pk": 15, "fields": {"post": 4, "user": 6, "content": "fgdfg", "parent": null, "commented_at": "2025-04-16T07:06:29.232Z"}}, {"model": "blog.blogcomment", "pk": 16, "fields": {"post": 4, "user": 6, "content": "fgdf", "parent": null, "commented_at": "2025-04-16T07:06:34.347Z"}}, {"model": "blog.blogcomment", "pk": 17, "fields": {"post": 5, "user": 6, "content": "dfsd", "parent": null, "commented_at": "2025-04-16T07:25:57.183Z"}}, {"model": "blog.blogcomment", "pk": 18, "fields": {"post": 13, "user": 1, "content": "hello donor", "parent": null, "commented_at": "2025-04-16T12:18:30.460Z"}}, {"model": "blog.blogcomment", "pk": 19, "fields": {"post": 13, "user": 1, "content": "hello donor", "parent": null, "commented_at": "2025-04-16T12:19:44.761Z"}}, {"model": "blog.blogcomment", "pk": 20, "fields": {"post": 5, "user": 1, "content": "sdfsde", "parent": null, "commented_at": "2025-04-16T12:20:06.351Z"}}, {"model": "blog.blogcomment", "pk": 21, "fields": {"post": 13, "user": 1, "content": "hello man", "parent": null, "commented_at": "2025-04-16T12:27:11.348Z"}}, {"model": "blog.blogcomment", "pk": 22, "fields": {"post": 13, "user": 1, "content": "hello boy", "parent": null, "commented_at": "2025-04-16T12:30:23.397Z"}}, {"model": "blog.blogcomment", "pk": 23, "fields": {"post": 13, "user": 1, "content": "hello boy", "parent": null, "commented_at": "2025-04-16T12:31:39.622Z"}}, {"model": "blog.blogcomment", "pk": 24, "fields": {"post": 13, "user": 1, "content": "hello", "parent": null, "commented_at": "2025-04-16T12:32:13.198Z"}}, {"model": "blog.blogcomment", "pk": 25, "fields": {"post": 13, "user": 1, "content": "the boys", "parent": null, "commented_at": "2025-04-16T12:35:41.058Z"}}, {"model": "blog.blogcomment", "pk": 26, "fields": {"post": 13, "user": 1, "content": "my friends", "parent": null, "commented_at": "2025-04-16T12:42:33.674Z"}}, {"model": "blog.blogcomment", "pk": 27, "fields": {"post": 5, "user": 1, "content": "dddd", "parent": null, "commented_at": "2025-04-16T12:49:57.493Z"}}, {"model": "blog.blogcomment", "pk": 28, "fields": {"post": 13, "user": 1, "content": "ddeettt", "parent": null, "commented_at": "2025-04-16T12:53:00.175Z"}}, {"model": "blog.blogcomment", "pk": 29, "fields": {"post": 13, "user": 1, "content": "ok", "parent": null, "commented_at": "2025-04-16T12:55:04.043Z"}}, {"model": "blog.blogcomment", "pk": 30, "fields": {"post": 12, "user": 1, "content": "dfdsa", "parent": null, "commented_at": "2025-04-16T12:57:52.343Z"}}, {"model": "blog.blogcomment", "pk": 31, "fields": {"post": 5, "user": 1, "content": "hi", "parent": null, "commented_at": "2025-04-16T12:59:34.020Z"}}, {"model": "blog.blogcomment", "pk": 32, "fields": {"post": 12, "user": 1, "content": "fdfrfc", "parent": null, "commented_at": "2025-04-16T13:00:34.994Z"}}, {"model": "blog.blogcomment", "pk": 33, "fields": {"post": 13, "user": 1, "content": "fgerdsfes", "parent": null, "commented_at": "2025-04-16T13:06:09.289Z"}}, {"model": "blog.blogcomment", "pk": 34, "fields": {"post": 13, "user": 1, "content": "haha", "parent": null, "commented_at": "2025-04-16T13:48:58.400Z"}}, {"model": "blog.blogcomment", "pk": 35, "fields": {"post": 10, "user": 1, "content": "fdgdefgbvd", "parent": null, "commented_at": "2025-04-16T14:32:47.133Z"}}, {"model": "blog.blogcomment", "pk": 36, "fields": {"post": 10, "user": 1, "content": "fdgdefgbvd", "parent": null, "commented_at": "2025-04-16T14:35:03.756Z"}}, {"model": "blog.blogcomment", "pk": 37, "fields": {"post": 5, "user": 1, "content": "sgvfrgedrfg", "parent": null, "commented_at": "2025-04-16T14:35:17.752Z"}}, {"model": "blog.blogcomment", "pk": 38, "fields": {"post": 5, "user": 1, "content": "svfdsfvg", "parent": null, "commented_at": "2025-04-16T14:35:23.214Z"}}, {"model": "blog.blogcomment", "pk": 39, "fields": {"post": 5, "user": 1, "content": "eeeee", "parent": null, "commented_at": "2025-04-16T14:35:41.164Z"}}, {"model": "blog.blogcomment", "pk": 40, "fields": {"post": 13, "user": 1, "content": "fgfged", "parent": null, "commented_at": "2025-04-16T15:38:23.406Z"}}, {"model": "blog.blogcomment", "pk": 41, "fields": {"post": 13, "user": 1, "content": "now", "parent": null, "commented_at": "2025-04-16T15:38:28.140Z"}}, {"model": "blog.blogcomment", "pk": 42, "fields": {"post": 13, "user": 1, "content": "now its fine", "parent": null, "commented_at": "2025-04-16T15:39:40.386Z"}}, {"model": "blog.blogcomment", "pk": 43, "fields": {"post": 13, "user": 1, "content": "hello", "parent": null, "commented_at": "2025-04-16T15:52:56.491Z"}}, {"model": "blog.blogcomment", "pk": 44, "fields": {"post": 13, "user": 1, "content": "hello i am suresh", "parent": null, "commented_at": "2025-04-16T16:34:08.910Z"}}]